{"hashes":{"000ac7dc9366969db9d1e41810a3a27c747a7623535d856eecc2de86cfed80c7":{"appid":"eeobbhfgfagbclfofmgbdfoicabjdbkn","fp":""},"4b81b4df3ad971287e1ae02c449344fcfa5d20431de17b2ba8854cc9cdce4089":{"appid":"ahmaebgpfccdhgidjaidaoojjcijckba","fp":""},"89f43cb3df807293de2772d5f01ac2fc1482b38ccc8fdaee859b80642b7a0487":{"appid":"pghocgajpebopihickglahgebcmkcekh","fp":""},"b987bdc4f2ad2a409b964921d4a5db1cdbe07f9c98f868293b4cc32acdc42cec":{"appid":"alpjnmnfbgfkmmpcfpejmmoebdndedno","fp":""},"bcb93cba8636743d1fbd32be3bd8ce8ff602323895bf4d136c26b9bc64b0a6a4":{"appid":"ndikpojcjlepofdkaaldkinkjbeeebkl","fp":""},"fa29a6d5775ff340900a65b39b02fc8b4b77d403c048d8debf22f2f5d09c61a0":{"appid":"oankkpibpaokgecfckkdkgaoafllipag","fp":""},"fbb2c0f4fad3b34b3ac7116d98f83638cf6f55a47992026a7abf944a759aa0ea":{"appid":"fgbafbciocncjfbbonhocjaohoknlaco","fp":""}}}